date,PET,rain,flow
2017-04-02,inf,0.2,22464000.0
2017-04-03,inf,10.2,22809600.0
2017-04-04,inf,2.2,22809600.0
2017-04-05,inf,0.4,22809600.0
2017-04-06,inf,0.0,23673600.0
2017-04-07,inf,0.0,22291200.0
2017-04-08,inf,0.0,19353600.0
2017-04-09,inf,0.0,17038080.0
2017-04-10,inf,0.0,15448320.000000002
2017-04-11,inf,0.0,14757120.000000002
2017-04-12,inf,0.0,14757120.000000002
2017-04-13,inf,0.0,14757120.000000002
2017-04-14,inf,1.4000000000000001,16277760.0
2017-04-15,inf,0.4,17349120.0
2017-04-16,inf,0.2,19699200.0
2017-04-17,inf,4.2,19526400.0
2017-04-18,inf,0.0,21081600.0
2017-04-19,inf,0.0,21772800.0
2017-04-20,inf,0.0,22118400.0
2017-04-21,inf,0.0,23155200.0
2017-04-22,inf,4.2,21427200.0
2017-04-23,inf,1.6,20563200.0
2017-04-24,inf,2.8,20044800.0
2017-04-25,inf,1.6,17660160.0
2017-04-26,inf,0.0,16882560.0
2017-04-27,inf,0.0,16571520.000000002
2017-04-28,inf,1.0,19180800.0
2017-04-29,inf,5.6000000000000005,24019200.0
2017-04-30,inf,6.800000000000001,27924480.0
2017-05-01,inf,1.2000000000000002,29635200.0
2017-05-02,inf,0.0,30395520.0
2017-05-03,inf,0.0,30775680.0
2017-05-04,inf,0.8,31536000.0
2017-05-05,inf,1.6,31726080.0
2017-05-06,inf,0.0,31155840.000000004
2017-05-07,inf,2.4000000000000004,31345920.0
2017-05-08,inf,1.8,30395520.0
2017-05-09,inf,4.2,29825280.0
2017-05-10,inf,0.0,31345920.0
2017-05-11,inf,0.0,30205440.000000004
2017-05-12,inf,0.0,29064959.999999996
2017-05-13,inf,1.4,30205440.000000004
2017-05-14,inf,3.0,30775680.0
2017-05-15,inf,1.2000000000000002,31155840.000000004
2017-05-16,inf,2.0,30585600.0
2017-05-17,inf,5.4,35389440.0
2017-05-18,inf,3.4000000000000004,44547840.0
2017-05-19,inf,38.4,73612800.0
2017-05-20,inf,0.0,109693439.99999999
2017-05-21,inf,0.0,119577600.0
2017-05-22,inf,2.0,116467200.0
2017-05-23,inf,0.0,109693439.99999999
2017-05-24,inf,21.4,101813760.00000001
2017-05-25,inf,0.0,95783039.99999999
2017-05-26,inf,0.0,87264000.0
2017-05-27,inf,6.800000000000001,82944000.0
2017-05-28,inf,1.6,81838080.0
2017-05-29,inf,25.8,81838080.0
2017-05-30,inf,6.0,81561600.0
2017-05-31,inf,36.0,82114560.0
2017-06-01,inf,0.0,79626240.0
2017-06-02,inf,25.4,79073280.0
2017-06-03,inf,0.0,83496960.0
2017-06-04,inf,0.4,83220480.0
2017-06-05,inf,0.0,81008640.0
2017-06-06,inf,26.0,79626240.0
2017-06-07,inf,0.0,78537600.0
2017-06-08,inf,31.4,79626240.0
2017-06-09,inf,23.200000000000003,80179200.0
2017-06-10,inf,5.6000000000000005,81838080.0
2017-06-11,inf,0.0,83496960.0
2017-06-12,inf,5.4,87557760.0
2017-06-13,inf,0.8,90789120.0
2017-06-14,inf,0.2,89320320.0
2017-06-15,inf,0.0,88439040.0
2017-06-16,inf,0.0,88439040.0
2017-06-17,inf,0.0,88732800.0
2017-06-18,inf,1.2,84913920.0
2017-06-19,inf,0.2,80179200.0
2017-06-20,inf,1.0,76464000.0
2017-06-21,inf,0.8,73612800.0
2017-06-22,inf,0.4,69206400.0
2017-06-23,inf,0.0,61620480.00000001
2017-06-24,inf,0.0,57801600.0
2017-06-25,inf,1.2,47018880.00000001
2017-06-26,inf,0.0,41178240.0
2017-06-27,inf,0.6000000000000001,37255680.0
2017-06-28,inf,6.6,37048320.0
2017-06-29,inf,6.2,37048320.0
2017-06-30,inf,5.6000000000000005,36426240.0
2017-07-01,inf,0.0,36426240.0
2017-07-02,inf,8.8,39156480.0
2017-07-03,inf,0.2,49040640.0
2017-07-04,inf,0.6000000000000001,58700160.0
2017-07-05,inf,7.6000000000000005,67392000.0
2017-07-06,inf,0.0,72835200.0
2017-07-07,inf,32.800000000000004,76982400.0
2017-07-08,inf,0.4,82391040.0
2017-07-09,inf,8.4,81838080.0
2017-07-10,inf,3.8,81008640.0
2017-07-11,inf,6.0,86088960.0
2017-07-12,inf,3.4,94314239.99999999
2017-07-13,inf,6.8,96076800.0
2017-07-14,inf,0.4,96698880.0
2017-07-15,inf,3.2,99515520.0
2017-07-16,inf,0.2,103127039.99999999
2017-07-17,inf,12.0,108708480.0
2017-07-18,inf,23.8,109693439.99999999
2017-07-19,inf,7.8,108708480.0
2017-07-20,inf,14.2,107395200.0
2017-07-21,inf,0.6000000000000001,107066880.0
2017-07-22,inf,4.8,109036800.0
2017-07-23,inf,14.8,116121600.0
2017-07-24,inf,0.6000000000000001,121305600.0
2017-07-25,inf,15.799999999999999,126489600.0
2017-07-26,inf,49.8,128217600.0
2017-07-27,inf,0.2,131414400.0
2017-07-28,inf,0.0,137998080.0
2017-07-29,inf,0.0,144754560.0
2017-07-30,inf,0.0,149126400.0
2017-07-31,inf,0.0,152703360.0
2017-08-01,inf,21.400000000000002,153515520.0
2017-08-02,inf,0.0,151511040.0
2017-08-03,inf,0.0,149523840.0
2017-08-04,inf,13.200000000000001,146344320.0
2017-08-05,inf,1.6,142767360.0
2017-08-06,inf,5.2,139587840.0
2017-08-07,inf,7.4,139190400.0
2017-08-08,inf,23.0,139587840.0
2017-08-09,inf,41.6,145152000.0
2017-08-10,inf,4.6000000000000005,148331520.0
2017-08-11,inf,0.0,146741760.0
2017-08-12,inf,3.6,142369920.0
2017-08-13,inf,0.2,138792960.0
2017-08-14,inf,1.6,136408320.0
2017-08-15,inf,1.2,134421120.0
2017-08-16,inf,7.4,132503039.99999999
2017-08-17,inf,3.2,131777280.0
2017-08-18,inf,6.2,132503039.99999999
2017-08-19,inf,1.6,136010880.0
2017-08-20,inf,9.0,145946880.0
2017-08-21,inf,2.6,153515520.0
2017-08-22,inf,5.4,156418560.0
2017-08-23,inf,0.2,158906880.0
2017-08-24,inf,0.2,159321600.0
2017-08-25,inf,31.200000000000003,159736320.0
2017-08-26,inf,7.4,160565760.0
2017-08-27,inf,2.2,163054080.0
2017-08-28,inf,0.2,163468800.0
2017-08-29,inf,37.8,161395200.0
2017-08-30,inf,0.6000000000000001,160980480.0
2017-08-31,inf,10.2,160565760.0
2017-09-01,inf,2.0,160151040.0
2017-09-02,inf,3.5999999999999996,161395200.0
2017-09-03,inf,0.2,164298240.0
2017-09-04,inf,0.0,163054080.0
2017-09-05,inf,4.4,162224640.0
2017-09-06,inf,57.599999999999994,159736320.0
2017-09-07,inf,9.200000000000001,156418560.0
2017-09-08,inf,2.6,155589120.0
2017-09-09,inf,0.8,157248000.0
2017-09-10,inf,0.2,157248000.0
2017-09-11,inf,0.0,156003840.0
2017-09-12,inf,6.2,157662720.0
2017-09-13,inf,0.2,160980480.0
2017-09-14,inf,0.0,159321600.0
2017-09-15,inf,0.0,154344960.0
2017-09-16,inf,15.4,148728960.0
2017-09-17,inf,20.0,147536640.0
2017-09-18,inf,0.8,149126400.0
2017-09-19,inf,0.0,151511040.0
2017-09-20,inf,0.0,152703360.0
2017-09-21,inf,0.0,151908480.0
2017-09-22,inf,0.0,151511040.0
2017-09-23,inf,0.0,153930240.0
2017-09-24,inf,0.0,160151040.0
2017-09-25,inf,0.0,161395200.0
2017-09-26,inf,1.2,156833280.0
2017-09-27,inf,0.4,154344960.0
2017-09-28,inf,0.0,152703360.0
2017-09-29,inf,5.4,153100800.0
2017-09-30,inf,0.0,155174400.0
2017-10-01,inf,0.0,159736320.0
2017-10-02,inf,0.0,161809920.0
2017-10-03,inf,20.4,163883520.0
2017-10-04,inf,6.4,170519040.0
2017-10-05,inf,8.4,180887040.0
2017-10-06,inf,1.5999999999999999,192499200.0
2017-10-07,inf,1.0,202608000.0
2017-10-08,inf,39.0,208656000.0
2017-10-09,inf,0.8,213840000.0
2017-10-10,inf,0.8,219024000.0
2017-10-11,inf,35.4,227232000.0
2017-10-12,inf,7.6,230385600.0
2017-10-13,inf,0.2,232286400.0
2017-10-14,inf,0.0,236563200.0
2017-10-15,inf,3.2,240840000.0
2017-10-16,inf,0.2,244166400.0
2017-10-17,inf,0.0,243216000.0
2017-10-18,inf,1.0,244166400.0
2017-10-19,inf,0.0,245592000.0
2017-10-20,inf,0.0,255096000.0
2017-10-21,inf,0.0,262699200.0
2017-10-22,inf,0.0,263174400.0
2017-10-23,inf,0.2,263174400.0
2017-10-24,inf,10.4,261273600.0
2017-10-25,inf,3.6,259372800.0
2017-10-26,inf,14.799999999999999,257472000.0
2017-10-27,inf,13.8,254145600.0
2017-10-28,inf,0.0,249393600.0
2017-10-29,inf,13.399999999999999,245592000.0
2017-10-30,inf,0.0,242265600.0
2017-10-31,inf,0.0,238464000.0
2017-11-01,inf,0.0,234187200.0
2017-11-02,inf,0.0,230385600.0
2017-11-03,inf,0.0,225936000.0
2017-11-04,inf,0.0,222048000.0
2017-11-05,inf,0.0,217296000.0
2017-11-06,inf,0.0,212976000.0
2017-11-07,inf,3.0,209088000.0
2017-11-08,inf,0.0,204768000.0
2017-11-09,inf,0.2,200880000.0
2017-11-10,inf,0.2,196231679.99999997
2017-11-11,inf,0.0,191255040.0
2017-11-12,inf,0.0,186693120.00000003
2017-11-13,inf,5.2,182545920.00000003
2017-11-14,inf,1.2,178398720.00000003
2017-11-15,inf,0.0,173836800.0
2017-11-16,inf,0.0,170519040.0
2017-11-17,inf,0.4,164298240.0
2017-11-18,inf,0.2,157248000.0
2017-11-19,inf,0.0,148728960.0
2017-11-20,inf,0.0,139985280.0
2017-11-21,inf,0.0,130688639.99999999
2017-11-22,inf,0.0,124761600.0
2017-11-23,inf,0.0,117849600.0
2017-11-24,inf,0.0,110021760.00000001
2017-11-25,inf,0.0,101485439.99999999
2017-11-26,inf,0.0,91670400.0
2017-11-27,inf,0.0,84620160.0
2017-11-28,inf,0.0,78019200.0
2017-11-29,inf,0.0,71020800.0
2017-11-30,inf,0.0,63659519.99999999
2017-12-01,inf,0.0,56453760.0
2017-12-02,inf,0.0,51960960.0
2017-12-03,inf,0.0,41402880.0
2017-12-04,inf,0.0,37877760.0
2017-12-05,inf,0.0,36218880.0
2017-12-06,inf,0.0,35596800.0
2017-12-07,inf,0.0,31726080.0
2017-12-08,inf,0.0,29825280.0
2017-12-09,inf,1.0,29825280.0
2017-12-10,inf,0.0,33730560.0
2017-12-11,inf,0.4,36011520.0
2017-12-12,inf,0.0,39156480.0
2017-12-13,inf,0.0,40504320.0
2017-12-14,inf,0.0,41402880.0
2017-12-15,inf,0.0,43424640.0
2017-12-16,inf,0.0,41852160.0
2017-12-17,inf,0.0,40953600.0
2017-12-18,inf,0.0,41852160.0
2017-12-19,inf,0.0,41627520.0
2017-12-20,inf,0.0,40279680.0
2017-12-21,inf,0.0,40504320.0
2017-12-22,inf,0.0,39830400.0
2017-12-23,inf,0.0,40728960.0
2017-12-24,inf,0.0,41627520.0
2017-12-25,inf,0.0,40504320.0
2017-12-26,inf,0.0,39381120.0
2017-12-27,inf,11.6,39381120.0
2017-12-28,inf,2.8,41852160.0
2017-12-29,inf,0.0,45446400.0
2017-12-30,inf,0.0,51287040.0
2017-12-31,inf,0.0,53982719.99999999
2018-01-01,inf,0.0,55105919.99999999
2018-01-02,inf,0.0,53308800.0
2018-01-03,inf,0.0,50613119.99999999
2018-01-04,inf,0.0,50388480.00000001
2018-01-05,inf,0.4,48142080.00000001
2018-01-06,inf,0.2,45446400.0
2018-01-07,inf,0.0,43424640.0
2018-01-08,inf,0.0,40279680.0
2018-01-09,inf,0.0,38707200.0
2018-01-10,inf,0.0,38931840.0
2018-01-11,inf,0.0,39156480.0
2018-01-12,inf,0.0,37048320.0
2018-01-13,inf,0.2,37255680.0
2018-01-14,inf,0.0,37255680.0
2018-01-15,inf,0.0,37255680.0
2018-01-16,inf,0.0,36218880.0
2018-01-17,inf,0.0,35389440.0
2018-01-18,inf,0.0,35596800.0
2018-01-19,inf,0.0,35182080.0
2018-01-20,inf,0.0,34767360.0
2018-01-21,inf,0.0,34352640.0
2018-01-22,inf,0.0,34560000.0
2018-01-23,inf,0.0,36840960.0
2018-01-24,inf,0.0,37048320.0
2018-01-25,inf,0.0,38707200.0
2018-01-26,inf,0.0,39830400.0
2018-01-27,inf,0.0,39830400.0
2018-01-28,inf,0.0,38499840.0
2018-01-29,inf,0.0,38499840.0
2018-01-30,inf,0.0,38085120.0
2018-01-31,inf,0.0,39381120.0
2018-02-01,inf,0.0,38931840.0
2018-02-02,inf,0.0,39381120.0
2018-02-03,inf,0.0,38931840.0
2018-02-04,inf,0.0,38931840.0
2018-02-05,inf,0.0,38931840.0
2018-02-06,inf,0.0,37877760.0
2018-02-07,inf,0.0,36426240.0
2018-02-08,inf,0.0,36426240.0
2018-02-09,inf,0.0,37463040.0
2018-02-10,inf,0.0,37255680.0
2018-02-11,inf,0.0,36840960.0
2018-02-12,inf,0.0,36633600.0
2018-02-13,inf,0.0,36633600.0
2018-02-14,inf,0.0,37877760.0
2018-02-15,inf,0.0,35804160.0
2018-02-16,inf,0.0,36218880.0
2018-02-17,inf,0.0,36426240.0
2018-02-18,inf,0.0,36633600.0
2018-02-19,inf,0.0,37877760.0
2018-02-20,inf,0.0,39381120.0
2018-02-21,inf,0.0,39830400.0
2018-02-22,inf,0.0,39605760.0
2018-02-23,inf,0.0,38931840.0
2018-02-24,inf,0.0,41178240.0
2018-02-25,inf,0.0,42750720.0
2018-02-26,inf,0.0,47468160.0
2018-02-27,inf,0.0,52859519.99999999
2018-02-28,inf,0.0,53308800.0
2018-03-01,inf,0.0,49040640.0
2018-03-02,inf,0.0,47018880.00000001
2018-03-03,inf,0.0,46344960.0
2018-03-04,inf,0.0,44997119.99999999
2018-03-05,inf,0.0,42750720.0
2018-03-06,inf,0.0,40728960.0
2018-03-07,inf,0.0,39830400.0
2018-03-08,inf,0.0,39830400.0
2018-03-09,inf,0.0,38707200.0
2018-03-10,inf,0.0,38292480.0
2018-03-11,inf,0.0,37255680.0
2018-03-12,inf,0.0,37463040.0
2018-03-13,inf,0.0,36426240.0
2018-03-14,inf,0.0,35182080.0
2018-03-15,inf,0.0,34767360.0
2018-03-16,inf,0.0,34767360.0
2018-03-17,inf,0.0,34352640.0
2018-03-18,inf,0.0,34560000.0
2018-03-19,inf,0.0,34974720.0
2018-03-20,inf,0.0,33730560.0
2018-03-21,inf,0.0,33315840.000000004
2018-03-22,inf,0.0,32486400.0
2018-03-23,inf,0.0,32486400.0
2018-03-24,inf,0.0,33523200.0
2018-03-25,inf,0.0,33315840.000000004
2018-03-26,inf,0.0,32486400.0
2018-03-27,inf,0.0,31726080.0
2018-03-28,inf,0.0,32106240.000000004
2018-03-29,inf,0.0,30775680.0
2018-03-30,inf,0.0,31155840.000000004
2018-03-31,inf,0.0,30585600.0
2018-04-01,inf,0.0,37704960.0
2018-04-02,inf,0.0,38603520.0
2018-04-03,inf,0.0,39726720.0
2018-04-04,inf,0.0,38828160.0
2018-04-05,inf,0.0,38378880.0
2018-04-06,inf,0.0,39502080.0
2018-04-07,inf,0.0,39052800.0
2018-04-08,inf,0.0,39052800.0
2018-04-09,inf,0.0,39277440.0
2018-04-10,inf,0.0,39277440.0
2018-04-11,inf,0.0,38378880.0
2018-04-12,inf,0.0,37031040.0
2018-04-13,inf,0.0,36357120.0
2018-04-14,inf,0.0,36357120.0
2018-04-15,inf,0.0,36132480.0
2018-04-16,inf,0.0,35233920.0
2018-04-17,inf,0.0,36132480.0
2018-04-18,inf,0.0,38378880.0
2018-04-19,inf,0.0,40400640.0
2018-04-20,inf,0.0,44219520.0
2018-04-21,inf,0.0,47485440.0
2018-04-22,inf,0.0,50630400.0
2018-04-23,inf,0.0,49420800.0
2018-04-24,inf,0.0,49662719.99999999
2018-04-25,inf,0.0,49178880.00000001
2018-04-26,inf,0.0,46033919.99999999
2018-04-27,inf,0.0,45792000.0
2018-04-28,inf,0.0,44668800.0
2018-04-29,inf,0.0,44668800.0
2018-04-30,inf,0.0,44444160.0
2018-05-01,inf,0.0,45567360.0
2018-05-02,inf,0.0,49178880.00000001
2018-05-03,inf,0.0,50872319.99999999
2018-05-04,inf,0.0,52323840.0
2018-05-05,inf,0.0,52323840.0
2018-05-06,inf,0.0,51598080.00000001
2018-05-07,inf,0.0,50872319.99999999
2018-05-08,inf,0.0,49904640.0
2018-05-09,inf,0.0,51598080.00000001
2018-05-10,inf,0.0,48453119.99999999
2018-05-11,inf,0.0,44668800.0
2018-05-12,inf,0.0,42422400.0
2018-05-13,inf,0.0,39052800.0
2018-05-14,inf,0.0,36806400.0
2018-05-15,inf,0.0,34560000.0
2018-05-16,inf,0.0,33523200.0
2018-05-17,inf,0.0,35233920.0
2018-05-18,inf,0.0,39052800.0
2018-05-19,inf,0.0,42422400.0
2018-05-20,inf,0.0,46759680.00000001
2018-05-21,inf,0.0,49420800.0
2018-05-22,inf,0.0,52807680.00000001
2018-05-23,inf,0.0,53827200.0
2018-05-24,inf,0.0,53049600.0
2018-05-25,inf,0.0,53049600.0
2018-05-26,inf,0.0,50872319.99999999
2018-05-27,inf,0.0,49662719.99999999
2018-05-28,inf,0.0,49420800.0
2018-05-29,inf,0.0,49420800.0
2018-05-30,inf,0.0,50872319.99999999
2018-05-31,inf,0.0,52807680.00000001
2018-06-01,inf,0.0,56678400.0
2018-06-02,inf,0.0,57974400.0
2018-06-03,inf,0.0,60307200.0
2018-06-04,inf,0.0,63936000.0
2018-06-05,inf,0.0,60307200.0
2018-06-06,inf,0.0,53049600.0
2018-06-07,inf,0.0,47243519.99999999
2018-06-08,inf,0.0,42871680.0
2018-06-09,inf,0.0,39726720.0
2018-06-10,inf,0.0,36806400.0
2018-06-11,inf,0.0,35907840.0
2018-06-12,inf,0.0,36132480.0
2018-06-13,inf,0.0,38154240.0
2018-06-14,inf,0.0,41074560.0
2018-06-15,inf,0.0,43770240.0
2018-06-16,inf,0.0,45792000.0
2018-06-17,inf,0.0,47001600.0
2018-06-18,inf,0.0,52323840.0
2018-06-19,inf,0.0,53049600.0
2018-06-20,inf,0.0,52081919.99999999
2018-06-21,inf,0.0,48936960.0
2018-06-22,inf,0.0,45792000.0
2018-06-23,inf,0.0,44668800.0
2018-06-24,inf,0.0,45792000.0
2018-06-25,inf,0.0,50388480.00000001
2018-06-26,inf,0.0,55641600.0
2018-06-27,inf,0.0,61344000.0
2018-06-28,inf,0.0,68497920.0
2018-06-29,inf,0.0,76239360.0
2018-06-30,inf,0.0,78883200.0
2018-07-01,inf,0.0,81820800.0
2018-07-02,inf,0.0,79764480.0
2018-07-03,inf,0.0,76826880.0
2018-07-04,inf,0.0,73889280.0
2018-07-05,inf,0.0,69327360.0
2018-07-06,inf,0.0,62380800.0
2018-07-07,inf,0.0,54086400.0
2018-07-08,inf,0.0,49420800.0
2018-07-09,inf,0.0,44444160.0
2018-07-10,inf,0.0,41299200.0
2018-07-11,inf,0.0,40849920.0
2018-07-12,inf,0.0,44668800.0
2018-07-13,inf,0.0,46759680.00000001
2018-07-14,inf,0.0,47243519.99999999
2018-07-15,inf,0.0,47243519.99999999
2018-07-16,inf,0.0,46517760.0
2018-07-17,inf,0.0,46517760.0
2018-07-18,inf,0.0,48695040.0
2018-07-19,inf,0.0,53308800.0
2018-07-20,inf,0.0,60825600.0
2018-07-21,inf,0.0,68221440.0
2018-07-22,inf,0.0,73008000.0
2018-07-23,inf,0.0,74183040.0
2018-07-24,inf,0.0,73889280.0
2018-07-25,inf,0.0,70986240.0
2018-07-26,inf,0.0,67392000.0
2018-07-27,inf,0.0,64713600.0
2018-07-28,inf,0.0,63676800.0
2018-07-29,inf,0.0,63158400.0
2018-07-30,inf,0.0,62640000.0
2018-07-31,inf,0.0,63158400.0
2018-08-01,inf,0.0,63158400.0
2018-08-02,inf,0.0,64195200.0
2018-08-03,inf,0.0,66286080.00000001
2018-08-04,inf,0.0,71262720.0
2018-08-05,inf,0.0,75358080.0
2018-08-06,inf,0.0,77120640.0
2018-08-07,inf,0.0,79176960.0
2018-08-08,inf,0.0,80939520.0
2018-08-09,inf,0.0,81820800.0
2018-08-10,inf,0.0,82702080.0
2018-08-11,inf,0.0,82114560.0
2018-08-12,inf,0.0,80352000.0
2018-08-13,inf,0.0,80352000.0
2018-08-14,inf,0.0,80352000.0
2018-08-15,inf,0.0,80645760.0
2018-08-16,inf,0.0,80645760.0
2018-08-17,inf,0.0,78589440.0
2018-08-18,inf,0.0,75064320.0
2018-08-19,inf,0.0,70709760.0
2018-08-20,inf,0.0,65750400.0
2018-08-21,inf,0.0,62380800.0
2018-08-22,inf,0.0,62380800.0
2018-08-23,inf,0.0,67392000.0
2018-08-24,inf,0.0,76239360.0
2018-08-25,inf,0.0,84844800.0
2018-08-26,inf,0.0,90754560.00000001
2018-08-27,inf,0.0,94798080.0
2018-08-28,inf,0.0,98219520.0
2018-08-29,inf,0.0,103507200.0
2018-08-30,inf,0.0,109486080.0
2018-08-31,inf,0.0,113425920.0
2018-09-01,inf,0.0,115395839.99999999
2018-09-02,inf,0.0,116709120.0
2018-09-03,inf,0.0,115067520.0
2018-09-04,inf,0.0,111784320.0
2018-09-05,inf,0.0,105995520.0
2018-09-06,inf,0.0,100085760.00000001
2018-09-07,inf,0.0,96353280.0
2018-09-08,inf,0.0,93553920.0
2018-09-09,inf,0.0,91376639.99999999
2018-09-10,inf,0.0,88266240.0
2018-09-11,inf,0.0,85155840.0
2018-09-12,inf,0.0,80939520.0
2018-09-13,inf,0.0,77708160.0
2018-09-14,inf,0.0,76533120.0
2018-09-15,inf,0.0,78295680.0
2018-09-16,inf,0.0,81233280.0
2018-09-17,inf,0.0,84222720.0
2018-09-18,inf,0.0,86400000.0
2018-09-19,inf,0.0,86711040.0
2018-09-20,inf,0.0,84533760.0
2018-09-21,inf,0.0,82702080.0
2018-09-22,inf,0.0,84844800.0
2018-09-23,inf,0.0,81820800.0
2018-09-24,inf,0.0,74770560.0
2018-09-25,inf,0.0,69050880.0
2018-09-26,inf,0.0,65232000.0
2018-09-27,inf,0.0,59529600.0
2018-09-28,inf,0.0,53827200.0
2018-09-29,inf,0.0,49904640.0
2018-09-30,inf,0.0,48695040.0
2018-10-01,inf,0.0,48936960.0
2018-10-02,inf,0.0,51598080.00000001
2018-10-03,inf,0.0,55123200.0
2018-10-04,inf,0.0,60048000.0
2018-10-05,inf,0.0,67392000.0
2018-10-06,inf,0.0,68221440.0
2018-10-07,inf,0.0,66286080.00000001
2018-10-08,inf,0.0,65750400.0
2018-10-09,inf,0.0,65491200.0
2018-10-10,inf,0.0,62899200.0
2018-10-11,inf,0.0,58492800.0
2018-10-12,inf,0.0,55900800.0
2018-10-13,inf,0.0,53568000.0
2018-10-14,inf,0.0,51356160.0
2018-10-15,inf,0.0,48453119.99999999
2018-10-16,inf,0.0,46517760.0
2018-10-17,inf,0.0,44893440.0
2018-10-18,inf,0.0,43545600.0
2018-10-19,inf,0.0,42197760.0
2018-10-20,inf,0.0,41748480.0
2018-10-21,inf,0.0,39502080.0
2018-10-22,inf,0.0,39502080.0
2018-10-23,inf,0.0,44668800.0
2018-10-24,inf,0.0,54864000.0
2018-10-25,inf,0.0,60048000.0
2018-10-26,inf,0.0,59788800.0
2018-10-27,inf,0.0,58752000.0
2018-10-28,inf,0.0,61084800.0
2018-10-29,inf,0.0,63936000.0
2018-10-30,inf,0.0,62640000.0
2018-10-31,inf,0.0,58752000.0
2018-11-01,inf,0.0,55382400.0
2018-11-02,inf,0.4,53568000.0
2018-11-03,inf,0.0,51598080.00000001
2018-11-04,inf,0.0,50146560.0
2018-11-05,inf,0.0,46759680.00000001
2018-11-06,inf,0.0,44219520.0
2018-11-07,inf,0.0,41748480.0
2018-11-08,inf,0.0,39277440.0
2018-11-09,inf,0.2,37255680.0
2018-11-10,inf,2.8,35683200.0
2018-11-11,inf,0.6000000000000001,34352640.0
2018-11-12,inf,5.0,30395520.0
2018-11-13,inf,0.2,29825280.0
2018-11-14,inf,0.2,32106240.000000004
2018-11-15,inf,0.2,36581760.0
2018-11-16,inf,0.0,39951360.0
2018-11-17,inf,0.0,41748480.0
2018-11-18,inf,0.0,41973120.0
2018-11-19,inf,0.0,43320960.0
2018-11-20,inf,0.0,43994880.0
2018-11-21,inf,0.0,43320960.0
2018-11-22,inf,0.0,42422400.0
2018-11-23,inf,0.0,42197760.0
2018-11-24,inf,0.0,41748480.0
2018-11-25,inf,0.0,41973120.0
2018-11-26,inf,0.0,40176000.0
2018-11-27,inf,0.0,40176000.0
2018-11-28,inf,0.0,39502080.0
2018-11-29,inf,0.0,38378880.0
2018-11-30,inf,0.0,38603520.0
2018-12-01,inf,0.0,37031040.0
2018-12-02,inf,0.0,37255680.0
2018-12-03,inf,0.0,36357120.0
2018-12-04,inf,0.0,34145280.0
2018-12-05,inf,0.0,34560000.0
2018-12-06,inf,0.0,36806400.0
2018-12-07,inf,0.0,35907840.0
2018-12-08,inf,0.2,33108480.0
2018-12-09,inf,0.0,30015359.999999996
2018-12-10,inf,0.0,29635200.0
2018-12-11,inf,0.0,31916159.999999996
2018-12-12,inf,7.199999999999999,33730560.0
2018-12-13,inf,49.199999999999996,37929600.0
2018-12-14,inf,0.2,39502080.0
2018-12-15,inf,0.0,39726720.0
2018-12-16,inf,0.0,39951360.0
2018-12-17,inf,0.0,39951360.0
2018-12-18,inf,0.0,39951360.0
2018-12-19,inf,0.0,39052800.0
2018-12-20,inf,0.2,38603520.0
2018-12-21,inf,0.0,38378880.0
2018-12-22,inf,0.0,38603520.0
2018-12-23,inf,0.0,37929600.0
2018-12-24,inf,0.0,35683200.0
2018-12-25,inf,0.0,35458560.0
2018-12-26,inf,0.0,36132480.0
2018-12-27,inf,0.0,37480320.0
2018-12-28,inf,0.0,37480320.0
2018-12-29,inf,2.4,38603520.0
2018-12-30,inf,3.0,41074560.0
2018-12-31,inf,0.0,41748480.0
2019-01-01,inf,0.0,40003200.0
2019-01-02,inf,0.0,38707200.0
2019-01-03,inf,0.0,40262400.0
2019-01-04,inf,0.0,40262400.0
2019-01-05,inf,0.0,37670400.0
2019-01-06,inf,0.0,37411200.0
2019-01-07,inf,0.0,37152000.0
2019-01-08,inf,34.6,37152000.0
2019-01-09,inf,0.0,39225600.0
2019-01-10,inf,0.2,36892800.0
2019-01-11,inf,0.0,33782400.0
2019-01-12,inf,0.0,32486400.0
2019-01-13,inf,0.0,33004800.0
2019-01-14,inf,0.0,33523200.0
2019-01-15,inf,0.0,34300800.0
2019-01-16,inf,0.0,33523200.0
2019-01-17,inf,0.0,33004800.0
2019-01-18,inf,0.0,34560000.0
2019-01-19,inf,0.0,36633600.0
2019-01-20,inf,0.0,35596800.0
2019-01-21,inf,0.0,36633600.0
2019-01-22,inf,0.0,35078400.0
2019-01-23,inf,0.0,34560000.0
2019-01-24,inf,0.0,33004800.0
2019-01-25,inf,0.0,31968000.0
2019-01-26,inf,0.0,30672000.0
2019-01-27,inf,0.0,30672000.0
2019-01-28,inf,0.0,31190400.0
2019-01-29,inf,0.0,31968000.0
2019-01-30,inf,0.0,31190400.0
2019-01-31,inf,0.0,34560000.0
2019-02-01,inf,0.0,35596800.0
2019-02-02,inf,0.0,36115200.0
2019-02-03,inf,0.0,35596800.0
2019-02-04,inf,0.0,36892800.0
2019-02-05,inf,0.0,36374400.0
2019-02-06,inf,0.0,36374400.0
2019-02-07,inf,0.0,38188800.0
2019-02-08,inf,0.0,37152000.0
2019-02-09,inf,0.0,35078400.0
2019-02-10,inf,0.0,31449600.0
2019-02-11,inf,0.0,29894400.0
2019-02-12,inf,0.0,29635200.0
2019-02-13,inf,0.0,32486400.0
2019-02-14,inf,0.0,35078400.0
2019-02-15,inf,0.0,37670400.0
2019-02-16,inf,0.0,37152000.0
2019-02-17,inf,0.0,35596800.0
2019-02-18,inf,0.0,36115200.0
2019-02-19,inf,0.0,34560000.0
2019-02-20,inf,0.0,36633600.0
2019-02-21,inf,0.0,34560000.0
2019-02-22,inf,0.0,35078400.0
2019-02-23,inf,0.0,33523200.0
2019-02-24,inf,0.0,33523200.0
2019-02-25,inf,0.0,33264000.0
2019-02-26,inf,0.0,31968000.0
2019-02-27,inf,0.0,31449600.0
2019-02-28,inf,0.0,28771200.0
2019-03-01,inf,0.0,27648000.0
2019-03-02,inf,0.0,27820800.0
2019-03-03,inf,0.0,26438400.0
2019-03-04,inf,0.0,26265600.0
2019-03-05,inf,0.0,25488000.0
2019-03-06,inf,0.0,26438400.0
2019-03-07,inf,0.0,26697600.0
2019-03-08,inf,0.0,24883200.0
2019-03-09,inf,0.0,24710400.0
2019-03-10,inf,0.0,24883200.0
2019-03-11,inf,0.0,24883200.0
2019-03-12,inf,0.0,25142400.0
2019-03-13,inf,0.0,24883200.0
2019-03-14,inf,0.0,25660800.0
2019-03-15,inf,0.0,26438400.0
2019-03-16,inf,0.0,27475200.0
2019-03-17,inf,0.0,27475200.0
2019-03-18,inf,0.0,27820800.0
2019-03-19,inf,0.0,27820800.0
2019-03-20,inf,0.0,29030400.0
2019-03-21,inf,0.0,30412800.0
2019-03-22,inf,0.0,28771200.0
2019-03-23,inf,0.0,27475200.0
2019-03-24,inf,0.0,26697600.0
2019-03-25,inf,0.0,26697600.0
2019-03-26,inf,0.0,26697600.0
2019-03-27,inf,0.0,26438400.0
2019-03-28,inf,0.0,26265600.0
2019-03-29,inf,0.0,24710400.0
2019-03-30,inf,0.0,23587200.0
2019-03-31,inf,0.0,22377600.0
2019-04-01,inf,0.0,22032000.0
2019-04-02,inf,0.0,22809600.0
2019-04-03,inf,0.0,23155200.0
2019-04-04,inf,0.0,23414400.0
2019-04-05,inf,0.0,23155200.0
2019-04-06,inf,0.0,21427200.0
2019-04-07,inf,0.0,20822400.0
2019-04-08,inf,0.0,20822400.0
2019-04-09,inf,0.0,20822400.0
2019-04-10,inf,0.0,19526400.0
2019-04-11,inf,0.0,19267200.0
2019-04-12,inf,0.0,19699200.0
2019-04-13,inf,0.0,20476800.0
2019-04-14,inf,0.0,19267200.0
2019-04-15,inf,0.0,21254400.0
2019-04-16,inf,0.0,21081600.0
2019-04-17,inf,1.0,21600000.0
2019-04-18,inf,0.0,21081600.0
2019-04-19,inf,0.0,21427200.0
2019-04-20,inf,0.0,21859200.0
2019-04-21,inf,3.4,22204800.0
2019-04-22,inf,0.0,21254400.0
2019-04-23,inf,0.6,20822400.0
2019-04-24,inf,0.0,21600000.0
2019-04-25,inf,0.0,22032000.0
2019-04-26,inf,0.0,22204800.0
2019-04-27,inf,0.0,24883200.0
2019-04-28,inf,0.0,26697600.0
2019-04-29,inf,0.0,27820800.0
2019-04-30,inf,0.0,28252800.0
2019-05-01,inf,0.0,28771200.0
2019-05-02,inf,0.0,28598400.0
2019-05-03,inf,0.0,27820800.0
2019-05-04,inf,0.0,26697600.0
2019-05-05,inf,0.0,26438400.0
2019-05-06,inf,0.0,26438400.0
2019-05-07,inf,0.0,26265600.0
2019-05-08,inf,0.0,26697600.0
2019-05-09,inf,0.0,28252800.0
2019-05-10,inf,0.0,28598400.0
2019-05-11,inf,0.0,28252800.0
2019-05-12,inf,12.2,28598400.0
2019-05-13,inf,1.7999999999999998,30672000.0
2019-05-14,inf,61.0,33004800.0
2019-05-15,inf,2.0,35337600.0
2019-05-16,inf,0.4,36633600.0
2019-05-17,inf,0.0,35078400.0
2019-05-18,inf,0.0,35596800.0
2019-05-19,inf,0.0,34041600.0
2019-05-20,inf,0.0,32486400.0
2019-05-21,inf,1.4000000000000001,30412800.0
2019-05-22,inf,0.2,30672000.0
2019-05-23,inf,0.0,32227200.0
2019-05-24,inf,0.0,30931200.0
2019-05-25,inf,1.8,31968000.0
2019-05-26,inf,0.0,33782400.0
2019-05-27,inf,0.0,32745600.0
2019-05-28,inf,1.4,31449600.0
2019-05-29,inf,20.6,31968000.0
2019-05-30,inf,30.8,33264000.0
2019-05-31,inf,23.6,34300800.0
2019-06-01,inf,0.2,32745600.0
2019-06-02,inf,8.399999999999999,32745600.0
2019-06-03,inf,0.4,36115200.0
2019-06-04,inf,0.6,38448000.0
2019-06-05,inf,8.2,39225600.0
2019-06-06,inf,1.6,38966400.0
2019-06-07,inf,0.0,38966400.0
2019-06-08,inf,23.0,38966400.0
2019-06-09,inf,0.0,38188800.0
2019-06-10,inf,0.0,38966400.0
2019-06-11,inf,0.0,38966400.0
2019-06-12,inf,0.6000000000000001,36374400.0
2019-06-13,inf,0.0,29894400.0
2019-06-14,inf,0.2,26265600.0
2019-06-15,inf,0.8,22982400.0
2019-06-16,inf,0.4,23414400.0
2019-06-17,inf,0.0,24364800.0
2019-06-18,inf,0.0,27993600.0
2019-06-19,inf,1.2,31449600.0
2019-06-20,inf,0.0,36115200.0
2019-06-21,inf,0.0,36892800.0
2019-06-22,inf,0.0,35337600.0
2019-06-23,inf,0.0,36115200.0
2019-06-24,inf,0.0,34300800.0
2019-06-25,inf,0.0,35078400.0
2019-06-26,inf,0.0,33523200.0
2019-06-27,inf,13.6,30153600.0
2019-06-28,inf,3.4,29203200.0
2019-06-29,inf,2.2,27820800.0
2019-06-30,inf,1.5999999999999999,26265600.0
2019-07-01,inf,0.0,27043200.0
2019-07-02,inf,0.4,27820800.0
2019-07-03,inf,0.0,31190400.0
2019-07-04,inf,1.4,28771200.0
2019-07-05,inf,0.0,31190400.0
2019-07-06,inf,0.0,34819200.0
2019-07-07,inf,0.4,40694400.0
2019-07-08,inf,0.0,39484800.0
2019-07-09,inf,9.4,38707200.0
2019-07-10,inf,3.4,33264000.0
2019-07-11,inf,0.2,30931200.0
2019-07-12,inf,0.4,27475200.0
2019-07-13,inf,1.2,25920000.0
2019-07-14,inf,0.0,24883200.0
2019-07-15,inf,0.0,24364800.0
2019-07-16,inf,0.0,23932800.0
2019-07-17,inf,0.0,23414400.0
2019-07-18,inf,0.0,22982400.0
2019-07-19,inf,0.0,23414400.0
2019-07-20,inf,0.0,21600000.0
2019-07-21,inf,19.0,20476800.0
2019-07-22,inf,0.0,19872000.0
2019-07-23,inf,7.199999999999999,20044800.0
2019-07-24,inf,20.599999999999998,18921600.0
2019-07-25,inf,15.8,18921600.0
2019-07-26,inf,9.399999999999999,20476800.0
2019-07-27,inf,14.799999999999999,19699200.0
2019-07-28,inf,0.2,20044800.0
2019-07-29,inf,0.0,20304000.0
2019-07-30,inf,4.2,21600000.0
2019-07-31,inf,10.6,23414400.0
2019-08-01,inf,0.0,23760000.0
2019-08-02,inf,0.4,22377600.0
2019-08-03,inf,0.0,20304000.0
2019-08-04,inf,14.200000000000001,21081600.0
2019-08-05,inf,9.2,20304000.0
2019-08-06,inf,1.2,19699200.0
2019-08-07,inf,0.0,20476800.0
2019-08-08,inf,0.0,21081600.0
2019-08-09,inf,4.2,20044800.0
2019-08-10,inf,0.2,18921600.0
2019-08-11,inf,0.0,17452800.0
2019-08-12,inf,0.0,18144000.0
2019-08-13,inf,0.0,19699200.0
2019-08-14,inf,0.0,22204800.0
2019-08-15,inf,0.0,24364800.0
2019-08-16,inf,4.0,26438400.0
2019-08-17,inf,0.6000000000000001,26697600.0
2019-08-18,inf,2.0,26697600.0
2019-08-19,inf,0.0,28252800.0
2019-08-20,inf,8.2,30672000.0
2019-08-21,inf,0.2,34819200.0
2019-08-22,inf,0.0,35337600.0
2019-08-23,inf,0.0,36633600.0
2019-08-24,inf,0.0,38448000.0
2019-08-25,inf,0.0,39744000.0
2019-08-26,inf,0.0,41990400.0
2019-08-27,inf,13.0,47952000.0
2019-08-28,inf,0.6000000000000001,51580800.0
2019-08-29,inf,0.2,53913600.0
2019-08-30,inf,3.2,53395200.0
2019-08-31,inf,42.0,55468800.0
2019-09-01,inf,0.0,60652800.0
2019-09-02,inf,0.0,71193600.0
2019-09-03,inf,0.0,89596800.0
2019-09-04,inf,11.8,106012800.0
2019-09-05,inf,0.0,114393600.0
2019-09-06,inf,0.0,120528000.0
2019-09-07,inf,0.0,126230400.0
2019-09-08,inf,4.6,129859200.0
2019-09-09,inf,0.2,130896000.0
2019-09-10,inf,0.8,127353600.0
2019-09-11,inf,1.4,121564800.0
2019-09-12,inf,1.0,116121600.0
2019-09-13,inf,0.0,112752000.0
2019-09-14,inf,0.2,108518400.0
2019-09-15,inf,0.0,103507200.0
2019-09-16,inf,0.0,98928000.0
2019-09-17,inf,0.0,88992000.0
2019-09-18,inf,0.2,79315200.0
2019-09-19,inf,11.6,76896000.0
2019-09-20,inf,0.2,79660800.0
2019-09-21,inf,0.2,83462400.0
2019-09-22,inf,2.0,86832000.0
2019-09-23,inf,0.0,86832000.0
2019-09-24,inf,0.0,91152000.0
2019-09-25,inf,0.0,92361600.0
2019-09-26,inf,0.0,90201600.0
2019-09-27,inf,6.2,84067200.0
2019-09-28,inf,0.0,77500800.0
2019-09-29,inf,0.0,70416000.0
2019-09-30,inf,0.0,63072000.0
2019-10-01,inf,0.0,54604800.0
2019-10-02,inf,0.0,47865600.0
2019-10-03,inf,0.0,42595200.0
2019-10-04,inf,0.2,41644800.0
2019-10-05,inf,0.0,47260800.0
2019-10-06,inf,0.0,47865600.0
2019-10-07,inf,0.0,44841600.0
2019-10-08,inf,0.0,42595200.0
2019-10-09,inf,0.0,41212800.0
2019-10-10,inf,0.0,42249600.0
2019-10-11,inf,0.0,42249600.0
2019-10-12,inf,0.0,40780800.0
2019-10-13,inf,0.0,38275200.0
2019-10-14,inf,18.4,37238400.0
2019-10-15,inf,0.0,36633600.0
2019-10-16,inf,1.0,36460800.0
2019-10-17,inf,0.0,40780800.0
2019-10-18,inf,0.0,49161600.0
2019-10-19,inf,0.0,45100800.0
2019-10-20,inf,0.0,37843200.0
2019-10-21,inf,0.0,31104000.0
2019-10-22,inf,0.0,29721600.0
2019-10-23,inf,0.0,23328000.0
2019-10-24,inf,0.0,22291200.0
2019-10-25,inf,0.0,20995200.0
2019-10-26,inf,0.0,20476800.0
2019-10-27,inf,0.0,19267200.0
2019-10-28,inf,0.0,18662400.0
2019-10-29,inf,0.0,19008000.0
2019-10-30,inf,0.0,19267200.0
2019-10-31,inf,0.0,19699200.0
2019-11-01,inf,0.0,19612800.0
2019-11-02,inf,0.0,18230400.0
2019-11-03,inf,0.0,17712000.0
2019-11-04,inf,0.0,17712000.0
2019-11-05,inf,0.0,18230400.0
2019-11-06,inf,0.0,19094400.0
2019-11-07,inf,0.0,19872000.0
2019-11-08,inf,0.0,20131200.0
2019-11-09,inf,0.0,22204800.0
2019-11-10,inf,0.0,17107200.0
2019-11-11,inf,0.0,27129600.0
2019-11-12,inf,0.0,25056000.0
2019-11-13,inf,0.0,21600000.0
2019-11-14,inf,0.0,20044800.0
2019-11-15,inf,0.0,19872000.0
2019-11-16,inf,0.0,20995200.0
2019-11-17,inf,0.0,21168000.0
2019-11-18,inf,0.0,20736000.0
2019-11-19,inf,0.0,21600000.0
2019-11-20,inf,0.0,22291200.0
2019-11-21,inf,0.0,22291200.0
2019-11-22,inf,0.0,22204800.0
2019-11-23,inf,0.0,22204800.0
2019-11-24,inf,0.0,22291200.0
2019-11-25,inf,0.0,22204800.0
2019-11-26,inf,0.0,22204800.0
2019-11-27,inf,0.0,22032000.0
2019-11-28,inf,0.0,21427200.0
2019-11-29,inf,0.0,20908800.0
2019-11-30,inf,0.0,20563200.0
2019-12-01,inf,0.0,20476800.0
2019-12-02,inf,0.0,19094400.0
2019-12-03,inf,0.0,18576000.0
2019-12-04,inf,0.0,18403200.0
2019-12-05,inf,0.0,17712000.0
2019-12-06,inf,0.0,16502400.0
2019-12-07,inf,0.0,15811200.0
2019-12-08,inf,0.0,15552000.0
2019-12-09,inf,0.0,13824000.0
2019-12-10,inf,0.0,13046400.0
2019-12-11,inf,0.0,12614400.0
2019-12-12,inf,0.0,13392000.0
2019-12-13,inf,0.0,13219200.0
2019-12-14,inf,0.0,13046400.0
2019-12-15,inf,0.0,12873600.0
2019-12-16,inf,0.0,12700800.0
2019-12-17,inf,0.0,12787200.0
2019-12-18,inf,0.0,13046400.0
2019-12-19,inf,0.0,12441600.0
2019-12-20,inf,0.0,12528000.0
2019-12-21,inf,0.0,13046400.0
2019-12-22,inf,0.0,12960000.0
2019-12-23,inf,0.0,13219200.0
2019-12-24,inf,0.0,13046400.0
2019-12-25,inf,0.0,12960000.0
2019-12-26,inf,0.0,13132800.0
2019-12-27,inf,0.0,14947200.0
2019-12-28,inf,0.0,17107200.0
2019-12-29,inf,0.0,19267200.0
2019-12-30,inf,0.0,22464000.0
2019-12-31,inf,0.0,22204800.0
2020-01-01,inf,0.0,22204800.0
2020-01-02,inf,0.0,20736000.0
2020-01-03,inf,0.0,19699200.0
2020-01-04,inf,0.0,21340800.0
2020-01-05,inf,0.0,21427200.0
2020-01-06,inf,0.0,20995200.0
2020-01-07,inf,0.0,19440000.0
2020-01-08,inf,0.0,16848000.0
2020-01-09,inf,0.0,15379200.0
2020-01-10,inf,0.0,15120000.0
2020-01-11,inf,0.0,15552000.0
2020-01-12,inf,0.0,15120000.0
2020-01-13,inf,0.0,13824000.0
2020-01-14,inf,0.0,13478400.0
2020-01-15,inf,0.0,13651200.0
2020-01-16,inf,0.0,13910400.0
2020-01-17,inf,0.0,14342400.0
2020-01-18,inf,0.0,15120000.0
2020-01-19,inf,0.0,16848000.0
2020-01-20,inf,0.0,18144000.0
2020-01-21,inf,0.0,18662400.0
2020-01-22,inf,0.0,18403200.0
2020-01-23,inf,0.0,18403200.0
2020-01-24,inf,0.0,19094400.0
2020-01-25,inf,0.0,18144000.0
2020-01-26,inf,0.0,16675200.0
2020-01-27,inf,0.0,14774400.0
2020-01-28,inf,0.0,13046400.0
2020-01-29,inf,0.0,13219200.0
2020-01-30,inf,0.0,13392000.0
2020-01-31,inf,0.0,13392000.0
2020-02-01,inf,0.0,13219200.0
2020-02-02,inf,0.0,13478400.0
2020-02-03,inf,0.0,13478400.0
2020-02-04,inf,0.0,13651200.0
2020-02-05,inf,0.0,13824000.0
2020-02-06,inf,0.0,13651200.0
2020-02-07,inf,0.0,13219200.0
2020-02-08,inf,0.0,12960000.0
2020-02-09,inf,0.0,12614400.0
2020-02-10,inf,0.0,12700800.0
2020-02-11,inf,0.0,14083200.0
2020-02-12,inf,0.0,14515200.0
2020-02-13,inf,0.0,14688000.0
2020-02-14,inf,0.0,14342400.0
2020-02-15,inf,0.0,13910400.0
2020-02-16,inf,0.0,13824000.0
2020-02-17,inf,0.0,13478400.0
2020-02-18,inf,0.0,12960000.0
2020-02-19,inf,0.0,11923200.0
2020-02-20,inf,0.0,11232000.0
2020-02-21,inf,0.0,12096000.0
2020-02-22,inf,0.0,12182400.0
2020-02-23,inf,0.0,11923200.0
2020-02-24,inf,0.0,12009600.0
2020-02-25,inf,0.0,12009600.0
2020-02-26,inf,0.0,11836800.0
2020-02-27,inf,0.0,11664000.0
2020-02-28,inf,0.0,11491200.0
2020-02-29,inf,0.0,11318400.0
2020-03-01,inf,0.0,11491200.0
2020-03-02,inf,0.0,11836800.0
2020-03-03,inf,0.0,11836800.0
2020-03-04,inf,0.0,11750400.0
2020-03-05,inf,0.0,11750400.0
2020-03-06,inf,0.0,11923200.0
2020-03-07,inf,0.0,12441600.0
2020-03-08,inf,0.0,12441600.0
2020-03-09,inf,0.0,12787200.0
2020-03-10,inf,0.0,12614400.0
2020-03-11,inf,0.0,12528000.0
2020-03-12,inf,0.0,12441600.0
2020-03-13,inf,0.0,12009600.0
2020-03-14,inf,0.0,11664000.0
2020-03-15,inf,0.0,11318400.0
2020-03-16,inf,0.0,10972800.0
2020-03-17,inf,0.0,11318400.0
2020-03-18,inf,0.0,11577600.0
2020-03-19,inf,0.0,11577600.0
2020-03-20,inf,0.0,11404800.0
2020-03-21,inf,0.0,11664000.0
2020-03-22,inf,0.0,11664000.0
2020-03-23,inf,0.0,11664000.0
2020-03-24,inf,0.0,11664000.0
2020-03-25,inf,0.0,11664000.0
2020-03-26,inf,0.0,11145600.0
2020-03-27,inf,0.0,10972800.0
2020-03-28,inf,0.0,11145600.0
2020-03-29,inf,0.0,11145600.0
2020-03-30,inf,0.0,11404800.0
2020-03-31,inf,0.0,11491200.0
2020-04-01,inf,0.0,11664000.0
2020-04-02,inf,0.0,11836800.0
2020-04-03,inf,0.0,11923200.0
2020-04-04,inf,0.0,12441600.0
2020-04-05,inf,0.0,12182400.0
2020-04-06,inf,0.0,11923200.0
2020-04-07,inf,0.0,12009600.0
2020-04-08,inf,0.0,12009600.0
2020-04-09,inf,0.0,11836800.0
2020-04-10,inf,0.0,12009600.0
2020-04-11,inf,0.0,12182400.0
2020-04-12,inf,0.0,12009600.0
2020-04-13,inf,0.0,11836800.0
2020-04-14,inf,0.0,12009600.0
2020-04-15,inf,0.0,12009600.0
2020-04-16,inf,0.0,11404800.0
2020-04-17,inf,0.0,11059200.0
2020-04-18,inf,0.0,11145600.0
2020-04-19,inf,0.0,11318400.0
2020-04-20,inf,0.4,11664000.0
2020-04-21,inf,0.0,11577600.0
2020-04-22,inf,0.0,11232000.0
2020-04-23,inf,0.8,10972800.0
2020-04-24,inf,0.0,10800000.0
2020-04-25,inf,3.0,10800000.0
2020-04-26,inf,13.0,11059200.0
2020-04-27,inf,28.599999999999998,11404800.0
2020-04-28,inf,0.4,11923200.0
2020-04-29,inf,16.8,12009600.0
2020-04-30,inf,4.2,11750400.0
2020-05-01,inf,7.2,11836800.0
2020-05-02,inf,5.2,13046400.0
2020-05-03,inf,1.5999999999999999,12528000.0
2020-05-04,inf,0.0,12441600.0
2020-05-05,inf,0.0,13392000.0
2020-05-06,inf,2.8,14428800.0
2020-05-07,inf,0.0,15206400.0
2020-05-08,inf,0.0,15033600.0
2020-05-09,inf,0.0,14428800.0
2020-05-10,inf,4.0,13219200.0
2020-05-11,inf,3.8000000000000003,12268800.0
2020-05-12,inf,0.0,11491200.0
2020-05-13,inf,0.0,11404800.0
2020-05-14,inf,0.0,11059200.0
2020-05-15,inf,0.0,11232000.0
2020-05-16,inf,0.0,10972800.0
2020-05-17,inf,0.0,11491200.0
2020-05-18,inf,0.0,11664000.0
2020-05-19,inf,0.0,11923200.0
2020-05-20,inf,0.0,11836800.0
2020-05-21,inf,0.0,6220800.0
2020-05-22,inf,0.0,10972800.0
2020-05-23,inf,0.0,10886400.0
2020-05-24,inf,0.0,10540800.0
2020-05-25,inf,0.0,10368000.0
2020-05-26,inf,0.0,10368000.0
2020-05-27,inf,0.0,10454400.0
2020-05-28,inf,1.4,10281600.0
2020-05-29,inf,1.2,10108800.0
2020-05-30,inf,13.6,10627200.0
2020-05-31,inf,0.0,10800000.0
2020-06-01,inf,0.0,11664000.0
2020-06-02,inf,0.2,12182400.0
2020-06-03,inf,0.0,12355200.0
2020-06-04,inf,0.0,11318400.0
2020-06-05,inf,0.2,10540800.0
2020-06-06,inf,2.8,10281600.0
2020-06-07,inf,7.0,10281600.0
2020-06-08,inf,0.4,11059200.0
2020-06-09,inf,0.0,11145600.0
2020-06-10,inf,5.6,10800000.0
2020-06-11,inf,0.0,10281600.0
2020-06-12,inf,0.0,10195200.0
2020-06-13,inf,0.0,10281600.0
2020-06-14,inf,1.2000000000000002,9504000.0
2020-06-15,inf,0.0,10022400.0
2020-06-16,inf,11.799999999999999,11145600.0
2020-06-17,inf,5.3999999999999995,11836800.0
2020-06-18,inf,8.2,12960000.0
2020-06-19,inf,0.0,12268800.0
2020-06-20,inf,0.0,11923200.0
2020-06-21,inf,0.0,11491200.0
2020-06-22,inf,0.0,11232000.0
2020-06-23,inf,15.0,11318400.0
2020-06-24,inf,0.6000000000000001,10368000.0
2020-06-25,inf,5.0,9590400.0
2020-06-26,inf,0.2,9849600.0
2020-06-27,inf,8.0,9849600.0
2020-06-28,inf,0.4,9331200.0
2020-06-29,inf,0.0,8812800.0
2020-06-30,inf,1.2,9763200.0
2020-07-01,inf,0.2,9849600.0
2020-07-02,inf,0.0,8985600.0
2020-07-03,inf,2.4000000000000004,8467200.0
2020-07-04,inf,6.800000000000001,8640000.0
2020-07-05,inf,0.0,8812800.0
2020-07-06,inf,0.0,8726400.0
2020-07-07,inf,0.0,8640000.0
2020-07-08,inf,14.6,8899200.0
2020-07-09,inf,0.0,8899200.0
2020-07-10,inf,0.6,9936000.0
2020-07-11,inf,0.2,12009600.0
2020-07-12,inf,5.4,12787200.0
2020-07-13,inf,4.0,12441600.0
2020-07-14,inf,2.2,12873600.0
2020-07-15,inf,0.0,14083200.0
2020-07-16,inf,0.6000000000000001,14774400.0
2020-07-17,inf,14.0,16070400.0
2020-07-18,inf,39.8,16070400.0
2020-07-19,inf,1.4,16502400.0
2020-07-20,inf,3.2,16070400.0
2020-07-21,inf,4.8,14083200.0
2020-07-22,inf,1.5999999999999999,12873600.0
2020-07-23,inf,0.0,11664000.0
2020-07-24,inf,0.0,10800000.0
2020-07-25,inf,0.0,10281600.0
2020-07-26,inf,0.0,9936000.0
2020-07-27,inf,9.0,8985600.0
2020-07-28,inf,16.2,8467200.0
2020-07-29,inf,9.2,8640000.0
2020-07-30,inf,5.4,9072000.0
2020-07-31,inf,0.0,9331200.0
2020-08-01,inf,0.2,9590400.0
2020-08-02,inf,21.2,9504000.0
2020-08-03,inf,21.8,9417600.0
2020-08-04,inf,8.6,10281600.0
2020-08-05,inf,11.2,12528000.0
2020-08-06,inf,0.0,21686400.0
2020-08-07,inf,0.0,29721600.0
2020-08-08,inf,33.0,26611200.0
2020-08-09,inf,4.800000000000001,20131200.0
2020-08-10,inf,0.0,13996800.0
2020-08-11,inf,8.0,12355200.0
2020-08-12,inf,0.6000000000000001,12009600.0
2020-08-13,inf,1.4,12009600.0
2020-08-14,inf,29.2,11750400.0
2020-08-15,inf,7.0,10713600.0
2020-08-16,inf,0.2,11750400.0
2020-08-17,inf,0.0,13132800.0
2020-08-18,inf,0.2,15465600.0
2020-08-19,inf,1.6,17625600.0
2020-08-20,inf,1.4,18662400.0
2020-08-21,inf,4.2,17452800.0
2020-08-22,inf,8.8,15465600.0
2020-08-23,inf,18.4,15724800.0
2020-08-24,inf,0.8,21686400.0
2020-08-25,inf,0.0,45014400.0
2020-08-26,inf,0.6000000000000001,55987200.0
2020-08-27,inf,0.2,59788800.0
2020-08-28,inf,1.4,55123200.0
2020-08-29,inf,3.0,45964800.0
2020-08-30,inf,0.4,39657600.0
2020-08-31,inf,8.6,33782400.0
2020-09-01,inf,0.4,28598400.0
2020-09-02,inf,0.0,25142400.0
2020-09-03,inf,0.0,25142400.0
2020-09-04,inf,0.0,30499200.0
2020-09-05,inf,0.0,32486400.0
2020-09-06,inf,0.0,33004800.0
2020-09-07,inf,0.0,32486400.0
2020-09-08,inf,0.2,28598400.0
2020-09-09,inf,0.0,26611200.0
2020-09-10,inf,0.0,26179200.0
2020-09-11,inf,0.0,26611200.0
2020-09-12,inf,0.0,26611200.0
2020-09-13,inf,0.0,26611200.0
2020-09-14,inf,0.0,27475200.0
2020-09-15,inf,0.0,25747200.0
2020-09-16,inf,0.4,22982400.0
2020-09-17,inf,0.0,22377600.0
2020-09-18,inf,0.0,26179200.0
2020-09-19,inf,2.8,35164800.0
2020-09-20,inf,19.4,41817600.0
2020-09-21,inf,0.6000000000000001,55987200.0
2020-09-22,inf,0.4,58665600.0
2020-09-23,inf,5.2,54086400.0
2020-09-24,inf,9.0,49852800.0
2020-09-25,inf,3.6,52099200.0
2020-09-26,inf,0.0,59529600.0
2020-09-27,inf,0.0,59788800.0
2020-09-28,inf,10.8,58665600.0
2020-09-29,inf,1.2,55728000.0
2020-09-30,inf,9.2,55728000.0
2020-10-01,inf,0.2,69379200.0
2020-10-02,inf,4.6,80265600.0
2020-10-03,inf,0.0,78537600.0
2020-10-04,inf,0.0,76550400.0
2020-10-05,inf,4.800000000000001,75772800.0
2020-10-06,inf,0.8,89769600.0
2020-10-07,inf,0.2,98064000.0
2020-10-08,inf,0.0,95040000.0
2020-10-09,inf,0.0,90028800.0
2020-10-10,inf,0.0,84153600.0
2020-10-11,inf,0.0,79401600.0
2020-10-12,inf,0.0,69638400.0
2020-10-13,inf,0.0,60393600.0
2020-10-14,inf,0.0,50803200.0
2020-10-15,inf,0.0,45964800.0
2020-10-16,inf,2.0,44150400.0
2020-10-17,inf,0.2,45273600.0
2020-10-18,inf,0.0,53827200.0
2020-10-19,inf,0.4,64454400.0
2020-10-20,inf,1.2,65404800.0
2020-10-21,inf,1.2000000000000002,68169600.0
2020-10-22,inf,0.0,66960000.0
2020-10-23,inf,0.0,60652800.0
2020-10-24,inf,0.0,55123200.0
2020-10-25,inf,0.0,50371200.0
2020-10-26,inf,0.0,45446400.0
2020-10-27,inf,3.4,39398400.0
2020-10-28,inf,0.0,34905600.0
2020-10-29,inf,2.4,32745600.0
2020-10-30,inf,8.0,34819200.0
2020-10-31,inf,1.2,35251200.0
2020-11-01,inf,0.0,34819200.0
2020-11-02,inf,0.0,36288000.0
2020-11-03,inf,0.4,39830400.0
2020-11-04,inf,3.6,40867200.0
2020-11-05,inf,0.2,41644800.0
2020-11-06,inf,0.0,40003200.0
2020-11-07,inf,0.0,37324800.0
2020-11-08,inf,0.0,34992000.0
2020-11-09,inf,0.0,34128000.0
2020-11-10,inf,0.0,32400000.0
2020-11-11,inf,0.0,29289600.0
2020-11-12,inf,0.0,26265600.0
2020-11-13,inf,0.0,24624000.0
2020-11-14,inf,0.0,23760000.0
2020-11-15,inf,0.0,23414400.0
2020-11-16,inf,0.0,24537600.0
2020-11-17,inf,0.0,24537600.0
2020-11-18,inf,0.0,23673600.0
2020-11-19,inf,0.0,21859200.0
2020-11-20,inf,0.0,20476800.0
2020-11-21,inf,0.0,19353600.0
2020-11-22,inf,0.0,18489600.0
2020-11-23,inf,0.0,18403200.0
2020-11-24,inf,0.0,18316800.0
2020-11-25,inf,0.0,17798400.0
2020-11-26,inf,0.0,17366400.0
2020-11-27,inf,0.0,16675200.0
2020-11-28,inf,0.0,16243200.0
2020-11-29,inf,0.0,16070400.0
2020-11-30,inf,0.0,16070400.0
2020-12-01,inf,0.0,17280000.0
2020-12-02,inf,0.0,19353600.0
2020-12-03,inf,0.0,20908800.0
2020-12-04,inf,0.0,21686400.0
2020-12-05,inf,0.0,21859200.0
2020-12-06,inf,0.0,20908800.0
2020-12-07,inf,0.0,14688000.0
2020-12-08,inf,0.0,13046400.0
2020-12-09,inf,0.0,12009600.0
2020-12-10,inf,0.0,11145600.0
2020-12-11,inf,0.0,11232000.0
2020-12-12,inf,0.0,11750400.0
2020-12-13,inf,0.0,13305600.0
2020-12-14,inf,0.0,14083200.0
2020-12-15,inf,0.0,14169600.0
2020-12-16,inf,0.0,14601600.0
2020-12-17,inf,0.0,13910400.0
2020-12-18,inf,0.0,12182400.0
2020-12-19,inf,0.0,10886400.0
2020-12-20,inf,0.0,9849600.0
2020-12-21,inf,0.0,9504000.0
2020-12-22,inf,0.0,9331200.0
2020-12-23,inf,0.0,9244800.0
2020-12-24,inf,0.0,9158400.0
2020-12-25,inf,0.0,10108800.0
2020-12-26,inf,0.0,12528000.0
2020-12-27,inf,0.0,13305600.0
2020-12-28,inf,0.0,13046400.0
2020-12-29,inf,0.0,12528000.0
2020-12-30,inf,0.0,12873600.0
2020-12-31,inf,0.0,13651200.0
2021-01-01,inf,0.0,13824000.0
2021-01-02,inf,0.0,13478400.0
2021-01-03,inf,0.0,13219200.0
2021-01-04,inf,0.0,13305600.0
2021-01-05,inf,0.0,12960000.0
2021-01-06,inf,0.0,12355200.0
2021-01-07,inf,0.0,12268800.0
2021-01-08,inf,0.0,13392000.0
2021-01-09,inf,0.0,13910400.0
2021-01-10,inf,0.0,13824000.0
2021-01-11,inf,0.0,13305600.0
2021-01-12,inf,0.0,12528000.0
2021-01-13,inf,0.0,12096000.0
2021-01-14,inf,0.0,11750400.0
2021-01-15,inf,0.0,11836800.0
2021-01-16,inf,0.0,12096000.0
2021-01-17,inf,0.0,12960000.0
2021-01-18,inf,0.0,13392000.0
2021-01-19,inf,0.0,13219200.0
2021-01-20,inf,0.0,13564800.0
2021-01-21,inf,0.0,13219200.0
2021-01-22,inf,0.0,13824000.0
2021-01-23,inf,0.0,14860800.0
2021-01-24,inf,0.0,15033600.0
2021-01-25,inf,0.0,14688000.0
2021-01-26,inf,0.0,14342400.0
2021-01-27,inf,0.0,14169600.0
2021-01-28,inf,0.0,14083200.0
2021-01-29,inf,0.0,13910400.0
2021-01-30,inf,0.0,13651200.0
2021-01-31,inf,0.0,13305600.0
2021-02-01,inf,0.0,13392000.0
2021-02-02,inf,0.0,13737600.0
2021-02-03,inf,0.0,13651200.0
2021-02-04,inf,0.0,13651200.0
2021-02-05,inf,0.0,13478400.0
2021-02-06,inf,0.0,13478400.0
2021-02-07,inf,0.0,13824000.0
2021-02-08,inf,0.0,14256000.0
2021-02-09,inf,0.0,14774400.0
2021-02-10,inf,0.0,14601600.0
2021-02-11,inf,0.0,14169600.0
2021-02-12,inf,0.0,13824000.0
2021-02-13,inf,0.0,13219200.0
2021-02-14,inf,0.0,12873600.0
2021-02-15,inf,0.0,12614400.0
2021-02-16,inf,0.0,12700800.0
2021-02-17,inf,0.0,12268800.0
2021-02-18,inf,0.0,11577600.0
2021-02-19,inf,0.0,12096000.0
2021-02-20,inf,0.0,12528000.0
2021-02-21,inf,0.0,12614400.0
2021-02-22,inf,0.0,12700800.0
2021-02-23,inf,0.0,12960000.0
2021-02-24,inf,0.0,13046400.0
2021-02-25,inf,0.0,13219200.0
2021-02-26,inf,0.0,13305600.0
2021-02-27,inf,0.0,13046400.0
2021-02-28,inf,0.0,12787200.0
2021-03-01,inf,0.0,12787200.0
2021-03-02,inf,0.0,12787200.0
2021-03-03,inf,0.0,13132800.0
2021-03-04,inf,0.0,13737600.0
2021-03-05,inf,0.0,14428800.0
2021-03-06,inf,0.0,15120000.0
2021-03-07,inf,0.0,15206400.0
2021-03-08,inf,0.0,14688000.0
2021-03-09,inf,0.0,14601600.0
2021-03-10,inf,0.0,14428800.0
2021-03-11,inf,0.0,14601600.0
2021-03-12,inf,0.0,14428800.0
2021-03-13,inf,0.0,14428800.0
2021-03-14,inf,0.0,14601600.0
2021-03-15,inf,0.0,14083200.0
2021-03-16,inf,0.0,13651200.0
2021-03-17,inf,0.0,13824000.0
2021-03-18,inf,0.0,14169600.0
2021-03-19,inf,0.0,13910400.0
2021-03-20,inf,0.0,13564800.0
2021-03-21,inf,0.0,14342400.0
2021-03-22,inf,0.0,14947200.0
2021-03-23,inf,0.0,14688000.0
2021-03-24,inf,0.0,13824000.0
2021-03-25,inf,0.0,13132800.0
2021-03-26,inf,0.0,12700800.0
2021-03-27,inf,4.8,12960000.0
2021-03-28,inf,0.0,12614400.0
2021-03-29,inf,0.0,12960000.0
2021-03-30,inf,0.0,12960000.0
2021-03-31,inf,0.0,12528000.0
2021-04-01,inf,0.0,12268800.0
2021-04-02,inf,0.2,11836800.0
2021-04-03,inf,10.2,12096000.0
2021-04-04,inf,2.2,13132800.0
2021-04-05,inf,0.4,13651200.0
2021-04-06,inf,0.0,14342400.0
2021-04-07,inf,0.0,15120000.0
2021-04-08,inf,0.0,16243200.0
2021-04-09,inf,0.0,17539200.0
2021-04-10,inf,0.0,17625600.0
2021-04-11,inf,0.0,17020800.0
2021-04-12,inf,0.0,17193600.0
2021-04-13,inf,0.0,16675200.0
2021-04-14,inf,1.4000000000000001,16329600.0
2021-04-15,inf,0.4,15292800.0
2021-04-16,inf,0.2,14428800.0
2021-04-17,inf,4.2,14083200.0
2021-04-18,inf,0.0,14774400.0
2021-04-19,inf,0.0,15465600.0
2021-04-20,inf,0.0,16070400.0
2021-04-21,inf,0.0,15897600.0
2021-04-22,inf,4.2,15465600.0
2021-04-23,inf,1.6,14860800.0
2021-04-24,inf,2.8,13910400.0
2021-04-25,inf,1.6,12960000.0
2021-04-26,inf,0.0,12960000.0
2021-04-27,inf,0.0,12873600.0
2021-04-28,inf,1.0,13737600.0
2021-04-29,inf,5.6000000000000005,14342400.0
2021-04-30,inf,6.800000000000001,15292800.0
2021-05-01,inf,1.2000000000000002,16588800.0
2021-05-02,inf,0.0,18748800.0
2021-05-03,inf,0.0,17366400.0
2021-05-04,inf,0.8,16761600.0
2021-05-05,inf,1.6,15033600.0
2021-05-06,inf,0.0,14342400.0
2021-05-07,inf,2.4000000000000004,13478400.0
2021-05-08,inf,1.8,12700800.0
2021-05-09,inf,4.2,11923200.0
2021-05-10,inf,0.0,11404800.0
2021-05-11,inf,0.0,12182400.0
2021-05-12,inf,0.0,12441600.0
2021-05-13,inf,1.4,11664000.0
2021-05-14,inf,3.0,11059200.0
2021-05-15,inf,1.2000000000000002,10800000.0
2021-05-16,inf,2.0,10108800.0
2021-05-17,inf,5.4,9676800.0
2021-05-18,inf,3.4000000000000004,10281600.0
2021-05-19,inf,38.4,10713600.0
2021-05-20,inf,0.0,11145600.0
2021-05-21,inf,0.0,11318400.0
2021-05-22,inf,2.0,11318400.0
2021-05-23,inf,0.0,11491200.0
2021-05-24,inf,21.4,12182400.0
2021-05-25,inf,0.0,12700800.0
2021-05-26,inf,0.0,12528000.0
2021-05-27,inf,6.800000000000001,12268800.0
2021-05-28,inf,1.6,12614400.0
2021-05-29,inf,25.8,12355200.0
2021-05-30,inf,6.0,11491200.0
2021-05-31,inf,36.0,10886400.0
2021-06-01,inf,0.0,10800000.0
2021-06-02,inf,25.4,10972800.0
2021-06-03,inf,0.0,10886400.0
2021-06-04,inf,0.4,12960000.0
2021-06-05,inf,0.0,14256000.0
2021-06-06,inf,26.0,15033600.0
2021-06-07,inf,0.0,14947200.0
2021-06-08,inf,31.4,14169600.0
2021-06-09,inf,23.200000000000003,13392000.0
2021-06-10,inf,5.6000000000000005,13392000.0
2021-06-11,inf,0.0,13651200.0
2021-06-12,inf,5.4,14342400.0
2021-06-13,inf,0.8,14774400.0
2021-06-14,inf,0.2,15120000.0
2021-06-15,inf,0.0,15120000.0
2021-06-16,inf,0.0,14428800.0
2021-06-17,inf,0.0,14169600.0
2021-06-18,inf,1.2,14515200.0
2021-06-19,inf,0.2,15120000.0
2021-06-20,inf,1.0,15724800.0
2021-06-21,inf,0.8,15552000.0
2021-06-22,inf,0.4,15552000.0
2021-06-23,inf,0.0,15206400.0
2021-06-24,inf,0.0,14601600.0
2021-06-25,inf,1.2,13996800.0
2021-06-26,inf,0.0,13219200.0
2021-06-27,inf,0.6000000000000001,13737600.0
2021-06-28,inf,6.6,13651200.0
2021-06-29,inf,6.2,14342400.0
2021-06-30,inf,5.6000000000000005,15984000.0
2021-07-01,inf,0.0,17625600.0
2021-07-02,inf,8.8,18921600.0
2021-07-03,inf,0.2,20649600.0
2021-07-04,inf,0.6000000000000001,20822400.0
2021-07-05,inf,7.6000000000000005,20995200.0
2021-07-06,inf,0.0,23241600.0
2021-07-07,inf,32.800000000000004,23673600.0
2021-07-08,inf,0.4,22464000.0
2021-07-09,inf,8.4,20649600.0
2021-07-10,inf,3.8,19785600.0
2021-07-11,inf,6.0,18576000.0
2021-07-12,inf,3.4,17020800.0
2021-07-13,inf,6.8,19612800.0
2021-07-14,inf,0.4,23673600.0
2021-07-15,inf,3.2,24278400.0
2021-07-16,inf,0.2,20995200.0
2021-07-17,inf,12.0,19785600.0
2021-07-18,inf,23.8,20304000.0
2021-07-19,inf,7.8,20131200.0
2021-07-20,inf,14.2,18576000.0
2021-07-21,inf,0.6000000000000001,16243200.0
2021-07-22,inf,4.8,15120000.0
2021-07-23,inf,14.8,13824000.0
2021-07-24,inf,0.6000000000000001,13392000.0
2021-07-25,inf,15.799999999999999,14515200.0
2021-07-26,inf,49.8,16329600.0
2021-07-27,inf,0.2,18921600.0
2021-07-28,inf,0.0,23673600.0
2021-07-29,inf,0.0,26611200.0
2021-07-30,inf,0.0,26179200.0
2021-07-31,inf,0.0,21686400.0
2021-08-01,inf,21.400000000000002,17625600.0
2021-08-02,inf,0.0,15811200.0
2021-08-03,inf,0.0,15033600.0
2021-08-04,inf,13.200000000000001,13996800.0
2021-08-05,inf,1.6,13305600.0
2021-08-06,inf,5.2,12960000.0
2021-08-07,inf,7.4,12268800.0
2021-08-08,inf,23.0,12700800.0
2021-08-09,inf,41.6,13564800.0
2021-08-10,inf,4.6000000000000005,14342400.0
2021-08-11,inf,0.0,14428800.0
2021-08-12,inf,3.6,13910400.0
2021-08-13,inf,0.2,13132800.0
2021-08-14,inf,1.6,12355200.0
2021-08-15,inf,1.2,12787200.0
2021-08-16,inf,7.4,13910400.0
2021-08-17,inf,3.2,15724800.0
2021-08-18,inf,6.2,19440000.0
2021-08-19,inf,1.6,19094400.0
2021-08-20,inf,9.0,17020800.0
2021-08-21,inf,2.6,17798400.0
2021-08-22,inf,5.4,18576000.0
2021-08-23,inf,0.2,17971200.0
2021-08-24,inf,0.2,16934400.0
2021-08-25,inf,31.200000000000003,16502400.0
2021-08-26,inf,7.4,15638400.0
2021-08-27,inf,2.2,14428800.0
2021-08-28,inf,0.2,15552000.0
2021-08-29,inf,37.8,20822400.0
2021-08-30,inf,0.6000000000000001,36806400.0
2021-08-31,inf,10.2,61516800.0
2021-09-01,inf,2.0,62467200.0
2021-09-02,inf,3.5999999999999996,61862400.0
2021-09-03,inf,0.2,65923200.0
2021-09-04,inf,0.0,72662400.0
2021-09-05,inf,4.4,80870400.0
2021-09-06,inf,57.599999999999994,84931200.0
2021-09-07,inf,9.200000000000001,80524800.0
2021-09-08,inf,2.6,72662400.0
2021-09-09,inf,0.8,71539200.0
2021-09-10,inf,0.2,71798400.0
2021-09-11,inf,0.0,100051200.0
2021-09-12,inf,6.2,157852800.0
2021-09-13,inf,0.2,94176000.0
2021-09-14,inf,0.0,161049600.0
2021-09-15,inf,0.0,151545600.0
2021-09-16,inf,15.4,140572800.0
2021-09-17,inf,20.0,141868800.0
2021-09-18,inf,0.8,156211200.0
2021-09-19,inf,0.0,165196800.0
2021-09-20,inf,0.0,169516800.0
2021-09-21,inf,0.0,167356800.0
2021-09-22,inf,0.0,169516800.0
2021-09-23,inf,0.0,183340800.0
2021-09-24,inf,0.0,187660800.0
2021-09-25,inf,0.0,201484800.0
2021-09-26,inf,1.2,209001600.0
2021-09-27,inf,0.4,217814400.0
2021-09-28,inf,0.0,231811200.0
2021-09-29,inf,5.4,231811200.0
2021-09-30,inf,0.0,230342400.0
2021-10-01,inf,0.0,229564800.0
2021-10-02,inf,0.0,227318400.0
2021-10-03,inf,20.4,112147200.0
2021-10-04,inf,6.4,225849600.0
2021-10-05,inf,8.4,222220800.0
2021-10-06,inf,1.5999999999999999,219628800.0
2021-10-07,inf,1.0,216432000.0
2021-10-08,inf,39.0,216086400.0
2021-10-09,inf,0.8,211766400.0
2021-10-10,inf,0.8,204854400.0
2021-10-11,inf,35.4,199411200.0
2021-10-12,inf,7.6,197683200.0
2021-10-13,inf,0.2,201657600.0
2021-10-14,inf,0.0,204854400.0
2021-10-15,inf,3.2,203040000.0
2021-10-16,inf,0.2,204422400.0
2021-10-17,inf,0.0,214617600.0
2021-10-18,inf,1.0,233625600.0
2021-10-19,inf,0.0,232502400.0
2021-10-20,inf,0.0,230601600.0
2021-10-21,inf,0.0,228441600.0
2021-10-22,inf,0.0,223948800.0
2021-10-23,inf,0.2,219974400.0
2021-10-24,inf,10.4,217468800.0
2021-10-25,inf,3.6,216691200.0
2021-10-26,inf,14.799999999999999,212803200.0
2021-10-27,inf,13.8,209001600.0
2021-10-28,inf,0.0,204422400.0
2021-10-29,inf,13.399999999999999,199843200.0
2021-10-30,inf,0.0,196732800.0
2021-10-31,inf,0.0,203472000.0
2021-11-01,inf,0.0,202089600.0
2021-11-02,inf,0.0,201225600.0
2021-11-03,inf,0.0,197683200.0
2021-11-04,inf,0.0,198115200.0
2021-11-05,inf,0.0,195436800.0
2021-11-06,inf,0.0,187660800.0
2021-11-07,inf,3.0,180144000.0
2021-11-08,inf,0.0,172540800.0
2021-11-09,inf,0.2,166233600.0
2021-11-10,inf,0.2,160185600.0
2021-11-11,inf,0.0,150422400.0
2021-11-12,inf,0.0,141264000.0
2021-11-13,inf,5.2,131241600.0
2021-11-14,inf,1.2,121478400.0
2021-11-15,inf,0.0,113443200.0
2021-11-16,inf,0.0,106790400.0
2021-11-17,inf,0.4,101174400.0
2021-11-18,inf,0.2,95644800.0
2021-11-19,inf,0.0,90028800.0
2021-11-20,inf,0.0,85708800.0
2021-11-21,inf,0.0,81734400.0
2021-11-22,inf,0.0,77500800.0
2021-11-23,inf,0.0,73872000.0
2021-11-24,inf,0.0,67478400.0
2021-11-25,inf,0.0,59702400.0
2021-11-26,inf,0.0,54000000.0
2021-11-27,inf,0.0,50544000.0
2021-11-28,inf,0.0,47260800.0
2021-11-29,inf,0.0,43977600.0
2021-11-30,inf,0.0,40867200.0
2021-12-01,inf,0.0,37584000.0
2021-12-02,inf,0.0,36460800.0
2021-12-03,inf,0.0,34560000.0
2021-12-04,inf,0.0,32400000.0
2021-12-05,inf,0.0,29289600.0
2021-12-06,inf,0.0,25056000.0
2021-12-07,inf,0.0,21859200.0
2021-12-08,inf,0.0,21081600.0
2021-12-09,inf,1.0,22896000.0
2021-12-10,inf,0.0,23932800.0
2021-12-11,inf,0.4,22032000.0
2021-12-12,inf,0.0,22032000.0
2021-12-13,inf,0.0,22550400.0
2021-12-14,inf,0.0,26438400.0
2021-12-15,inf,0.0,24537600.0
2021-12-16,inf,0.0,24883200.0
2021-12-17,inf,0.0,23760000.0
2021-12-18,inf,0.0,23068800.0
2021-12-19,inf,0.0,22723200.0
2021-12-20,inf,0.0,21513600.0
2021-12-21,inf,0.0,20563200.0
2021-12-22,inf,0.0,19699200.0
2021-12-23,inf,0.0,20476800.0
2021-12-24,inf,0.0,20304000.0
2021-12-25,inf,0.0,20563200.0
2021-12-26,inf,0.0,20476800.0
2021-12-27,inf,11.6,19699200.0
2021-12-28,inf,2.8,21427200.0
2021-12-29,inf,0.0,24883200.0
2021-12-30,inf,0.0,23760000.0
2021-12-31,inf,0.0,28425600.0
2022-01-01,inf,0.0,31017600.0
2022-01-02,inf,0.0,31708800.0
2022-01-03,inf,0.0,30067200.0
2022-01-04,inf,0.0,30067200.0
2022-01-05,inf,0.4,25228800.0
2022-01-06,inf,0.2,24105600.0
2022-01-07,inf,0.0,24710400.0
2022-01-08,inf,0.0,23587200.0
2022-01-09,inf,0.0,23414400.0
2022-01-10,inf,0.0,24278400.0
2022-01-11,inf,0.0,22377600.0
2022-01-12,inf,0.0,22896000.0
2022-01-13,inf,0.2,24105600.0
2022-01-14,inf,0.0,22032000.0
2022-01-15,inf,0.0,22377600.0
2022-01-16,inf,0.0,22032000.0
2022-01-17,inf,0.0,22377600.0
2022-01-18,inf,0.0,23068800.0
2022-01-19,inf,0.0,23760000.0
2022-01-20,inf,0.0,24537600.0
2022-01-21,inf,0.0,25056000.0
2022-01-22,inf,0.0,24278400.0
2022-01-23,inf,0.0,24105600.0
2022-01-24,inf,0.0,26438400.0
2022-01-25,inf,0.0,24883200.0
2022-01-26,inf,0.0,24105600.0
2022-01-27,inf,0.0,24105600.0
